candidate_id,pair_id_a,pair_id_b,image_path_a,image_path_b,caption_a,caption_b,image_similarity,text_similarity,joint_similarity,max_similarity,signals,bucket,label,annotator,audit_label,notes,needs_audit,label_options,annotation_guideline,final_label,adjudication_status,is_positive,image_pred,text_pred,naive_pred,joint_pred,image_correct,text_correct,naive_correct,joint_correct,joint_error_type,image_error_type,caption_equal,image_minus_joint,text_minus_image
cand_000552,cc3m_193174,cc3m_203402,D:\data\cc3m_subset_200k\cc3m_193174.jpg,D:\data\cc3m_subset_200k\cc3m_203402.jpg,religious leader receives organisation for the annual greetings .,religious leader receives organisation for the annual greetings .,0.7151580452919006,1.000000238418579,0.8575790524482727,1.000000238418579,image|joint|text,very_high,duplicate,wzy,duplicate,,1,duplicate|near-duplicate|not-duplicate,duplicate: same image and same caption meaning; near-duplicate: visually/semantically same with small edits; not-duplicate: meaningfully different pair.,duplicate,agreed,1,0,1,1,1,0,1,1,1,,fn,1,-0.142421,0.284842
cand_000753,cc3m_113243,cc3m_117628,D:\data\cc3m_subset_200k\cc3m_113243.jpg,D:\data\cc3m_subset_200k\cc3m_117628.jpg,colored label on a textured background for baby showers,colored label on a textured background for baby showers,0.7528719305992126,1.000000238418579,0.8764361143112183,1.000000238418579,image|joint|text,very_high,near-duplicate,wzy,near-duplicate,,1,duplicate|near-duplicate|not-duplicate,duplicate: same image and same caption meaning; near-duplicate: visually/semantically same with small edits; not-duplicate: meaningfully different pair.,near-duplicate,agreed,1,0,1,1,1,0,1,1,1,,fn,1,-0.123564,0.247128
cand_001344,cc3m_155680,cc3m_181561,D:\data\cc3m_subset_200k\cc3m_155680.jpg,D:\data\cc3m_subset_200k\cc3m_181561.jpg,a model walks the runway at the fashion show during event .,a model walks the runway at the fashion show during event .,0.7050940990447998,1.000000238418579,0.8525471091270447,1.000000238418579,joint,very_high,duplicate,wzy,,,0,duplicate|near-duplicate|not-duplicate,duplicate: same image and same caption meaning; near-duplicate: visually/semantically same with small edits; not-duplicate: meaningfully different pair.,duplicate,not_audited,1,0,1,1,1,0,1,1,1,,fn,1,-0.147453,0.294906
cand_002297,cc3m_81455,cc3m_196616,D:\data\cc3m_subset_200k\cc3m_81455.jpg,D:\data\cc3m_subset_200k\cc3m_196616.jpg,baseball player pitches against sports team .,baseball player pitches against sports team .,0.7351364493370056,1.000000238418579,0.86756831407547,1.000000238418579,joint|text,very_high,near-duplicate,wzy,,,0,duplicate|near-duplicate|not-duplicate,duplicate: same image and same caption meaning; near-duplicate: visually/semantically same with small edits; not-duplicate: meaningfully different pair.,near-duplicate,not_audited,1,0,1,1,1,0,1,1,1,,fn,1,-0.132432,0.264864
cand_015018,cc3m_194951,cc3m_204366,D:\data\cc3m_subset_200k\cc3m_194951.jpg,D:\data\cc3m_subset_200k\cc3m_204366.jpg,american football player at the taping,american football player at the taping,0.7292400598526001,1.0000001192092896,0.8646202087402344,1.0000001192092896,image|joint|text,very_high,near-duplicate,wzy,,,0,duplicate|near-duplicate|not-duplicate,duplicate: same image and same caption meaning; near-duplicate: visually/semantically same with small edits; not-duplicate: meaningfully different pair.,near-duplicate,not_audited,1,0,1,1,1,0,1,1,1,,fn,1,-0.135380,0.270760
cand_015350,cc3m_151257,cc3m_200897,D:\data\cc3m_subset_200k\cc3m_151257.jpg,D:\data\cc3m_subset_200k\cc3m_200897.jpg,# runs with the ball during a game against sports team .,# runs with the ball during a game against sports team .,0.7936711311340332,1.0000001192092896,0.8968356847763062,1.0000001192092896,image|joint|text,very_high,near-duplicate,wzy,near-duplicate,,1,duplicate|near-duplicate|not-duplicate,duplicate: same image and same caption meaning; near-duplicate: visually/semantically same with small edits; not-duplicate: meaningfully different pair.,near-duplicate,agreed,1,0,1,1,1,0,1,1,1,,fn,1,-0.103165,0.206329
cand_015488,cc3m_142036,cc3m_202035,D:\data\cc3m_subset_200k\cc3m_142036.jpg,D:\data\cc3m_subset_200k\cc3m_202035.jpg,letter logo design in a circle .,letter logo design in a circle .,0.7471120953559875,1.0000001192092896,0.8735560774803162,1.0000001192092896,image|joint,very_high,near-duplicate,wzy,near-duplicate,,1,duplicate|near-duplicate|not-duplicate,duplicate: same image and same caption meaning; near-duplicate: visually/semantically same with small edits; not-duplicate: meaningfully different pair.,near-duplicate,agreed,1,0,1,1,1,0,1,1,1,,fn,1,-0.126444,0.252888
cand_016406,cc3m_99693,cc3m_106152,D:\data\cc3m_subset_200k\cc3m_99693.jpg,D:\data\cc3m_subset_200k\cc3m_106152.jpg,aerial view of a river & lake in a forested region of countryside,aerial view of a river & lake in a forested region of countryside,0.7760496139526367,1.0000001192092896,0.8880249261856079,1.0000001192092896,image|joint|text,very_high,near-duplicate,wzy,near-duplicate,,1,duplicate|near-duplicate|not-duplicate,duplicate: same image and same caption meaning; near-duplicate: visually/semantically same with small edits; not-duplicate: meaningfully different pair.,near-duplicate,agreed,1,0,1,1,1,0,1,1,1,,fn,1,-0.111975,0.223951
cand_016653,cc3m_89082,cc3m_172501,D:\data\cc3m_subset_200k\cc3m_89082.jpg,D:\data\cc3m_subset_200k\cc3m_172501.jpg,illustration of a hand holding weighing scale scales of justice,illustration of a hand holding weighing scale scales of justice,0.7503801584243774,1.0000001192092896,0.8751900792121887,1.0000001192092896,image|joint|text,very_high,near-duplicate,wzy,,,0,duplicate|near-duplicate|not-duplicate,duplicate: same image and same caption meaning; near-duplicate: visually/semantically same with small edits; not-duplicate: meaningfully different pair.,near-duplicate,not_audited,1,0,1,1,1,0,1,1,1,,fn,1,-0.124810,0.249620
cand_016687,cc3m_88215,cc3m_97441,D:\data\cc3m_subset_200k\cc3m_88215.jpg,D:\data\cc3m_subset_200k\cc3m_97441.jpg,actor arrives at the premiere,actor arrives at the premiere,0.7263333797454834,1.0000001192092896,0.8631667494773865,1.0000001192092896,image|joint,very_high,near-duplicate,wzy,,,0,duplicate|near-duplicate|not-duplicate,duplicate: same image and same caption meaning; near-duplicate: visually/semantically same with small edits; not-duplicate: meaningfully different pair.,near-duplicate,not_audited,1,0,1,1,1,0,1,1,1,,fn,1,-0.136833,0.273667
cand_017447,cc3m_64545,cc3m_84803,D:\data\cc3m_subset_200k\cc3m_64545.jpg,D:\data\cc3m_subset_200k\cc3m_84803.jpg,person arrives at the premiere,person arrives at the premiere,0.7087559700012207,1.0000001192092896,0.8543781042098999,1.0000001192092896,image|joint,very_high,near-duplicate,wzy,,,0,duplicate|near-duplicate|not-duplicate,duplicate: same image and same caption meaning; near-duplicate: visually/semantically same with small edits; not-duplicate: meaningfully different pair.,near-duplicate,not_audited,1,0,1,1,1,0,1,1,1,,fn,1,-0.145622,0.291244
cand_017519,cc3m_62327,cc3m_65604,D:\data\cc3m_subset_200k\cc3m_62327.jpg,D:\data\cc3m_subset_200k\cc3m_65604.jpg,soccer player and battle for the ball,soccer player and battle for the ball,0.7567775249481201,1.0000001192092896,0.8783888816833496,1.0000001192092896,image|joint,very_high,near-duplicate,wzy,,,0,duplicate|near-duplicate|not-duplicate,duplicate: same image and same caption meaning; near-duplicate: visually/semantically same with small edits; not-duplicate: meaningfully different pair.,near-duplicate,not_audited,1,0,1,1,1,0,1,1,1,,fn,1,-0.121611,0.243223
cand_018120,cc3m_47611,cc3m_198315,D:\data\cc3m_subset_200k\cc3m_47611.jpg,D:\data\cc3m_subset_200k\cc3m_198315.jpg,map in gray on a white background,map in gray on a white background,0.7478535175323486,1.0000001192092896,0.8739267587661743,1.0000001192092896,image|joint|text,very_high,near-duplicate,wzy,,,0,duplicate|near-duplicate|not-duplicate,duplicate: same image and same caption meaning; near-duplicate: visually/semantically same with small edits; not-duplicate: meaningfully different pair.,near-duplicate,not_audited,1,0,1,1,1,0,1,1,1,,fn,1,-0.126073,0.252147
cand_027952,cc3m_62629,cc3m_133314,D:\data\cc3m_subset_200k\cc3m_62629.jpg,D:\data\cc3m_subset_200k\cc3m_133314.jpg,vector silhouette of people on a white background .,vector silhouette of people on a white background .,0.787465512752533,1.0000001192092896,0.8937329053878784,1.0000001192092896,joint|text,very_high,near-duplicate,wzy,near-duplicate,,1,duplicate|near-duplicate|not-duplicate,duplicate: same image and same caption meaning; near-duplicate: visually/semantically same with small edits; not-duplicate: meaningfully different pair.,near-duplicate,agreed,1,0,1,1,1,0,1,1,1,,fn,1,-0.106267,0.212535
cand_032772,cc3m_21460,cc3m_98673,D:\data\cc3m_subset_200k\cc3m_21460.jpg,D:\data\cc3m_subset_200k\cc3m_98673.jpg,letter logo design in a circle .,letter logo design in a circle .,0.7289116382598877,1.0000001192092896,0.8644559383392334,1.0000001192092896,text,very_high,near-duplicate,wzy,,,0,duplicate|near-duplicate|not-duplicate,duplicate: same image and same caption meaning; near-duplicate: visually/semantically same with small edits; not-duplicate: meaningfully different pair.,near-duplicate,not_audited,1,0,1,1,1,0,1,1,1,,fn,1,-0.135544,0.271088
cand_037121,cc3m_4875,cc3m_107365,D:\data\cc3m_subset_200k\cc3m_4875.jpg,D:\data\cc3m_subset_200k\cc3m_107365.jpg,shape animated on the satellite map of the globe,shape animated on the satellite map of the globe,0.704960286617279,1.0,0.8524801731109619,1.0,joint|text,very_high,duplicate,wzy,,,0,duplicate|near-duplicate|not-duplicate,duplicate: same image and same caption meaning; near-duplicate: visually/semantically same with small edits; not-duplicate: meaningfully different pair.,duplicate,not_audited,1,0,1,1,1,0,1,1,1,,fn,1,-0.147520,0.295040
cand_039554,cc3m_127505,cc3m_129763,D:\data\cc3m_subset_200k\cc3m_127505.jpg,D:\data\cc3m_subset_200k\cc3m_129763.jpg,a bride puts on sneakers for portraits,a bride puts on sneakers for portraits,0.7254868149757385,1.0,0.8627433776855469,1.0,image|joint|text,very_high,near-duplicate,wzy,,,0,duplicate|near-duplicate|not-duplicate,duplicate: same image and same caption meaning; near-duplicate: visually/semantically same with small edits; not-duplicate: meaningfully different pair.,near-duplicate,not_audited,1,0,1,1,1,0,1,1,1,,fn,1,-0.137257,0.274513
cand_040622,cc3m_96413,cc3m_175980,D:\data\cc3m_subset_200k\cc3m_96413.jpg,D:\data\cc3m_subset_200k\cc3m_175980.jpg,a fashion illustration of show during event,a fashion illustration of show during event,0.7521108388900757,1.0,0.8760555386543274,1.0,image|joint|text,very_high,near-duplicate,wzy,near-duplicate,,1,duplicate|near-duplicate|not-duplicate,duplicate: same image and same caption meaning; near-duplicate: visually/semantically same with small edits; not-duplicate: meaningfully different pair.,near-duplicate,agreed,1,0,1,1,1,0,1,1,1,,fn,1,-0.123945,0.247889
cand_040901,cc3m_89314,cc3m_198063,D:\data\cc3m_subset_200k\cc3m_89314.jpg,D:\data\cc3m_subset_200k\cc3m_198063.jpg,funny man with a watermelon on his head,funny man with a watermelon on his head,0.7143622040748596,1.0,0.8571810722351074,1.0,image|joint|text,very_high,duplicate,wzy,,,0,duplicate|near-duplicate|not-duplicate,duplicate: same image and same caption meaning; near-duplicate: visually/semantically same with small edits; not-duplicate: meaningfully different pair.,duplicate,not_audited,1,0,1,1,1,0,1,1,1,,fn,1,-0.142819,0.285638
cand_041234,cc3m_81186,cc3m_103101,D:\data\cc3m_subset_200k\cc3m_81186.jpg,D:\data\cc3m_subset_200k\cc3m_103101.jpg,letter logo in a square shape gold and silver colored geometric ornaments .,letter logo in a square shape gold and silver colored geometric ornaments .,0.74648118019104,1.0,0.8732406497001648,1.0,image|joint|text,very_high,near-duplicate,wzy,,,0,duplicate|near-duplicate|not-duplicate,duplicate: same image and same caption meaning; near-duplicate: visually/semantically same with small edits; not-duplicate: meaningfully different pair.,near-duplicate,not_audited,1,0,1,1,1,0,1,1,1,,fn,1,-0.126759,0.253519
cand_041378,cc3m_78229,cc3m_145180,D:\data\cc3m_subset_200k\cc3m_78229.jpg,D:\data\cc3m_subset_200k\cc3m_145180.jpg,person of pop artist performs on stage on day of festival,person of pop artist performs on stage on day of festival,0.7383664846420288,1.0,0.8691833019256592,1.0,image|joint|text,very_high,duplicate,wzy,duplicate,,1,duplicate|near-duplicate|not-duplicate,duplicate: same image and same caption meaning; near-duplicate: visually/semantically same with small edits; not-duplicate: meaningfully different pair.,duplicate,agreed,1,0,1,1,1,0,1,1,1,,fn,1,-0.130817,0.261634
cand_042075,cc3m_63735,cc3m_155781,D:\data\cc3m_subset_200k\cc3m_63735.jpg,D:\data\cc3m_subset_200k\cc3m_155781.jpg,a city pinned on a map,a city pinned on a map,0.7696199417114258,1.0,0.8848100304603577,1.0,image|joint,very_high,near-duplicate,wzy,,,0,duplicate|near-duplicate|not-duplicate,duplicate: same image and same caption meaning; near-duplicate: visually/semantically same with small edits; not-duplicate: meaningfully different pair.,near-duplicate,not_audited,1,0,1,1,1,0,1,1,1,,fn,1,-0.115190,0.230380
cand_047057,cc3m_25999,cc3m_54207,D:\data\cc3m_subset_200k\cc3m_25999.jpg,D:\data\cc3m_subset_200k\cc3m_54207.jpg,aerial footage on a morning,aerial footage on a morning,0.7363896369934082,1.0,0.8681948184967041,1.0,image|joint|text,very_high,near-duplicate,wzy,,,0,duplicate|near-duplicate|not-duplicate,duplicate: same image and same caption meaning; near-duplicate: visually/semantically same with small edits; not-duplicate: meaningfully different pair.,near-duplicate,not_audited,1,0,1,1,1,0,1,1,1,,fn,1,-0.131805,0.263610
cand_049679,cc3m_84791,cc3m_179239,D:\data\cc3m_subset_200k\cc3m_84791.jpg,D:\data\cc3m_subset_200k\cc3m_179239.jpg,shape animated on the satellite map of the globe,shape animated on the satellite map of the globe,0.7360926866531372,1.0,0.8680464029312134,1.0,joint|text,very_high,near-duplicate,wzy,,,0,duplicate|near-duplicate|not-duplicate,duplicate: same image and same caption meaning; near-duplicate: visually/semantically same with small edits; not-duplicate: meaningfully different pair.,near-duplicate,not_audited,1,0,1,1,1,0,1,1,1,,fn,1,-0.131954,0.263907
cand_052627,cc3m_56064,cc3m_100022,D:\data\cc3m_subset_200k\cc3m_56064.jpg,D:\data\cc3m_subset_200k\cc3m_100022.jpg,baseball player pitches against sports team,baseball player pitches against sports team,0.7861852645874023,1.0,0.8930926322937012,1.0,joint|text,very_high,near-duplicate,wzy,,,0,duplicate|near-duplicate|not-duplicate,duplicate: same image and same caption meaning; near-duplicate: visually/semantically same with small edits; not-duplicate: meaningfully different pair.,near-duplicate,not_audited,1,0,1,1,1,0,1,1,1,,fn,1,-0.106907,0.213815
cand_065623,cc3m_84886,cc3m_123250,D:\data\cc3m_subset_200k\cc3m_84886.jpg,D:\data\cc3m_subset_200k\cc3m_123250.jpg,actor during an interview with comedian,actor during an interview with comedian,0.7719038724899292,0.9999999403953552,0.8859519958496094,0.9999999403953552,image|joint,very_high,near-duplicate,wzy,,,0,duplicate|near-duplicate|not-duplicate,duplicate: same image and same caption meaning; near-duplicate: visually/semantically same with small edits; not-duplicate: meaningfully different pair.,near-duplicate,not_audited,1,0,1,1,1,0,1,1,1,,fn,1,-0.114048,0.228096
cand_066467,cc3m_120199,cc3m_124092,D:\data\cc3m_subset_200k\cc3m_120199.jpg,D:\data\cc3m_subset_200k\cc3m_124092.jpg,actor during an interview with comedian,actor during an interview with comedian,0.7921363711357117,0.9999999403953552,0.896068274974823,0.9999999403953552,joint,very_high,duplicate,wzy,,,0,duplicate|near-duplicate|not-duplicate,duplicate: same image and same caption meaning; near-duplicate: visually/semantically same with small edits; not-duplicate: meaningfully different pair.,duplicate,not_audited,1,0,1,1,1,0,1,1,1,,fn,1,-0.103932,0.207864
cand_071703,cc3m_6980,cc3m_90255,D:\data\cc3m_subset_200k\cc3m_6980.jpg,D:\data\cc3m_subset_200k\cc3m_90255.jpg,soccer player celebrates after scoring his team 's fifth goal during the match .,soccer player celebrates after scoring his team 's sixth goal during the match .,0.7675337791442871,0.9975004196166992,0.8825170993804932,0.9975004196166992,image|joint|text,very_high,near-duplicate,wzy,,,0,duplicate|near-duplicate|not-duplicate,duplicate: same image and same caption meaning; near-duplicate: visually/semantically same with small edits; not-duplicate: meaningfully different pair.,near-duplicate,not_audited,1,0,1,1,1,0,1,1,1,,fn,0,-0.114983,0.229967
cand_072710,cc3m_20945,cc3m_205859,D:\data\cc3m_subset_200k\cc3m_20945.jpg,D:\data\cc3m_subset_200k\cc3m_205859.jpg,biological species isolated on a white background,biological species isolated on a white background .,0.7430124282836914,0.9949206709861755,0.8689664602279663,0.9949206709861755,joint|text,very_high,duplicate,wzy,,,0,duplicate|near-duplicate|not-duplicate,duplicate: same image and same caption meaning; near-duplicate: visually/semantically same with small edits; not-duplicate: meaningfully different pair.,duplicate,not_audited,1,0,1,1,1,0,1,1,1,,fn,0,-0.125954,0.251908
cand_078983,cc3m_60719,cc3m_103665,D:\data\cc3m_subset_200k\cc3m_60719.jpg,D:\data\cc3m_subset_200k\cc3m_103665.jpg,view from the southwest along full - height view,view from the southwest - full - height view,0.7803894877433777,0.9880191683769226,0.8842042088508606,0.9880191683769226,joint,very_high,near-duplicate,wzy,,,0,duplicate|near-duplicate|not-duplicate,duplicate: same image and same caption meaning; near-duplicate: visually/semantically same with small edits; not-duplicate: meaningfully different pair.,near-duplicate,not_audited,1,0,1,1,1,0,1,1,1,,fn,0,-0.103815,0.207630
cand_079941,cc3m_8101,cc3m_64711,D:\data\cc3m_subset_200k\cc3m_8101.jpg,D:\data\cc3m_subset_200k\cc3m_64711.jpg,cows on a summer pasture .,cows on a summer pasture,0.7462098598480225,0.9870707988739014,0.8666403293609619,0.9870707988739014,joint|text,very_high,near-duplicate,wzy,,,0,duplicate|near-duplicate|not-duplicate,duplicate: same image and same caption meaning; near-duplicate: visually/semantically same with small edits; not-duplicate: meaningfully different pair.,near-duplicate,not_audited,1,0,1,1,1,0,1,1,1,,fn,0,-0.120430,0.240861
cand_083128,cc3m_9823,cc3m_56232,D:\data\cc3m_subset_200k\cc3m_9823.jpg,D:\data\cc3m_subset_200k\cc3m_56232.jpg,view from the southeast across full - height view,view from the southeast - full - height view,0.7254822254180908,0.9841330051422119,0.8548074960708618,0.9841330051422119,text,very_high,near-duplicate,wzy,,,0,duplicate|near-duplicate|not-duplicate,duplicate: same image and same caption meaning; near-duplicate: visually/semantically same with small edits; not-duplicate: meaningfully different pair.,near-duplicate,not_audited,1,0,1,1,1,0,1,1,1,,fn,0,-0.129325,0.258651
cand_094023,cc3m_40279,cc3m_178178,D:\data\cc3m_subset_200k\cc3m_40279.jpg,D:\data\cc3m_subset_200k\cc3m_178178.jpg,a country road in summer,country road in the summer .,0.7385045886039734,0.976111650466919,0.8573081493377686,0.976111650466919,joint|text,very_high,near-duplicate,wzy,,,0,duplicate|near-duplicate|not-duplicate,duplicate: same image and same caption meaning; near-duplicate: visually/semantically same with small edits; not-duplicate: meaningfully different pair.,near-duplicate,not_audited,1,0,1,1,1,0,1,1,1,,fn,0,-0.118804,0.237607
cand_109659,cc3m_19453,cc3m_179292,D:\data\cc3m_subset_200k\cc3m_19453.jpg,D:\data\cc3m_subset_200k\cc3m_179292.jpg,dandelion seeds fly in the wind .,dandelion seeds blowing in the wind,0.7660378217697144,0.9663731455802917,0.8662055134773254,0.9663731455802917,image|joint|text,very_high,near-duplicate,wzy,,,0,duplicate|near-duplicate|not-duplicate,duplicate: same image and same caption meaning; near-duplicate: visually/semantically same with small edits; not-duplicate: meaningfully different pair.,near-duplicate,not_audited,1,0,1,1,1,0,1,1,1,,fn,0,-0.100168,0.200335
cand_123412,cc3m_80351,cc3m_97095,D:\data\cc3m_subset_200k\cc3m_80351.jpg,D:\data\cc3m_subset_200k\cc3m_97095.jpg,actor and the designer walk the runway during the show as part .,actor and film costumer designer walk the runway during the show as part .,0.7441686391830444,0.9584824442863464,0.8513256311416626,0.9584824442863464,image|joint|text,very_high,near-duplicate,wzy,,,0,duplicate|near-duplicate|not-duplicate,duplicate: same image and same caption meaning; near-duplicate: visually/semantically same with small edits; not-duplicate: meaningfully different pair.,near-duplicate,not_audited,1,0,1,1,1,0,1,1,1,,fn,0,-0.107157,0.214314
cand_126152,cc3m_54985,cc3m_89086,D:\data\cc3m_subset_200k\cc3m_54985.jpg,D:\data\cc3m_subset_200k\cc3m_89086.jpg,comedian during an interview with comedian,radio personality during an interview with comedian,0.7518708109855652,0.9571096897125244,0.8544901609420776,0.9571096897125244,text,very_high,near-duplicate,wzy,near-duplicate,,1,duplicate|near-duplicate|not-duplicate,duplicate: same image and same caption meaning; near-duplicate: visually/semantically same with small edits; not-duplicate: meaningfully different pair.,near-duplicate,agreed,1,0,1,1,1,0,1,1,1,,fn,0,-0.102619,0.205239
cand_141480,cc3m_36492,cc3m_203293,D:\data\cc3m_subset_200k\cc3m_36492.jpg,D:\data\cc3m_subset_200k\cc3m_203293.jpg,schematic diagram of the experimental setup,schematic diagram of the experimental apparatus,0.7710232734680176,0.9494341015815735,0.8602287769317627,0.9494341015815735,image|joint|text,high,near-duplicate,wzy,,,0,duplicate|near-duplicate|not-duplicate,duplicate: same image and same caption meaning; near-duplicate: visually/semantically same with small edits; not-duplicate: meaningfully different pair.,near-duplicate,not_audited,1,0,1,1,1,0,1,1,1,,fn,0,-0.089206,0.178411
cand_157351,cc3m_108176,cc3m_160469,D:\data\cc3m_subset_200k\cc3m_108176.jpg,D:\data\cc3m_subset_200k\cc3m_160469.jpg,a surfer performs the snap while riding a wave,a surfer performs tricks and turns on a nice wave,0.7865625619888306,0.9420178532600403,0.8642902970314026,0.9420178532600403,text,high,near-duplicate,wzy,,,0,duplicate|near-duplicate|not-duplicate,duplicate: same image and same caption meaning; near-duplicate: visually/semantically same with small edits; not-duplicate: meaningfully different pair.,near-duplicate,not_audited,1,0,1,1,1,0,1,1,1,,fn,0,-0.077728,0.155455
cand_162615,cc3m_57739,cc3m_135169,D:\data\cc3m_subset_200k\cc3m_57739.jpg,D:\data\cc3m_subset_200k\cc3m_135169.jpg,playoffs - round one - images from the football game .,round one - photos from the playoff football game .,0.7801700830459595,0.9397188425064087,0.8599444627761841,0.9397188425064087,image|joint|text,high,near-duplicate,wzy,,,0,duplicate|near-duplicate|not-duplicate,duplicate: same image and same caption meaning; near-duplicate: visually/semantically same with small edits; not-duplicate: meaningfully different pair.,near-duplicate,not_audited,1,0,1,1,1,0,1,1,1,,fn,0,-0.079774,0.159549
cand_170903,cc3m_13858,cc3m_163642,D:\data\cc3m_subset_200k\cc3m_13858.jpg,D:\data\cc3m_subset_200k\cc3m_163642.jpg,curve winding road along the coast .,winding road along the coast,0.7713729739189148,0.9361628890037537,0.8537679314613342,0.9361628890037537,image|joint|text,high,near-duplicate,wzy,,,0,duplicate|near-duplicate|not-duplicate,duplicate: same image and same caption meaning; near-duplicate: visually/semantically same with small edits; not-duplicate: meaningfully different pair.,near-duplicate,not_audited,1,0,1,1,1,0,1,1,1,,fn,0,-0.082395,0.164790
cand_175450,cc3m_45023,cc3m_107441,D:\data\cc3m_subset_200k\cc3m_45023.jpg,D:\data\cc3m_subset_200k\cc3m_107441.jpg,baseball shortstop poses for a portrait during a photo day,baseball player poses for a portrait during photo day,0.7997813820838928,0.9343253374099731,0.8670533895492554,0.9343253374099731,image|joint,high,near-duplicate,wzy,,,0,duplicate|near-duplicate|not-duplicate,duplicate: same image and same caption meaning; near-duplicate: visually/semantically same with small edits; not-duplicate: meaningfully different pair.,near-duplicate,not_audited,1,0,1,1,1,0,1,1,1,,fn,0,-0.067272,0.134544
cand_226945,cc3m_74375,cc3m_200283,D:\data\cc3m_subset_200k\cc3m_74375.jpg,D:\data\cc3m_subset_200k\cc3m_200283.jpg,a private sign on a doorway,a sign that says attached to a fine brick wall,0.9161805510520935,0.7038757801055908,0.8100281953811646,0.9161805510520935,image|joint|text,high,not-duplicate,wzy,,,0,duplicate|near-duplicate|not-duplicate,duplicate: same image and same caption meaning; near-duplicate: visually/semantically same with small edits; not-duplicate: meaningfully different pair.,not-duplicate,not_audited,0,1,1,1,0,0,0,0,1,,fp,0,0.106152,-0.212305
cand_236239,cc3m_33131,cc3m_187193,D:\data\cc3m_subset_200k\cc3m_33131.jpg,D:\data\cc3m_subset_200k\cc3m_187193.jpg,cows are grazing in the meadow and looking into the camera,cows grazing in the meadow,0.7955477237701416,0.9132791757583618,0.8544133901596069,0.9132791757583618,joint|text,high,near-duplicate,wzy,,,0,duplicate|near-duplicate|not-duplicate,duplicate: same image and same caption meaning; near-duplicate: visually/semantically same with small edits; not-duplicate: meaningfully different pair.,near-duplicate,not_audited,1,0,1,1,1,0,1,1,1,,fn,0,-0.058866,0.117731
cand_247879,cc3m_70796,cc3m_131408,D:\data\cc3m_subset_200k\cc3m_70796.jpg,D:\data\cc3m_subset_200k\cc3m_131408.jpg,example of a classic - story exterior home design,example of a classic white - story wood exterior home design,0.7997139692306519,0.9098643660545349,0.854789137840271,0.9098643660545349,image|joint|text,high,near-duplicate,wzy,,,0,duplicate|near-duplicate|not-duplicate,duplicate: same image and same caption meaning; near-duplicate: visually/semantically same with small edits; not-duplicate: meaningfully different pair.,near-duplicate,not_audited,1,0,1,1,1,0,1,1,1,,fn,0,-0.055075,0.110150
cand_254511,cc3m_17765,cc3m_151143,D:\data\cc3m_subset_200k\cc3m_17765.jpg,D:\data\cc3m_subset_200k\cc3m_151143.jpg,dentists examining a young patient with tools in dental clinic,"female patient with dentist and assistant in a dental treatment , wearing masks and gloves",0.9080204963684082,0.7495812773704529,0.8288009166717529,0.9080204963684082,image|joint|text,high,not-duplicate,wzy,,,0,duplicate|near-duplicate|not-duplicate,duplicate: same image and same caption meaning; near-duplicate: visually/semantically same with small edits; not-duplicate: meaningfully different pair.,not-duplicate,not_audited,0,1,1,1,0,0,0,0,1,,fp,0,0.079220,-0.158439
cand_273287,cc3m_15276,cc3m_34588,D:\data\cc3m_subset_200k\cc3m_15276.jpg,D:\data\cc3m_subset_200k\cc3m_34588.jpg,person pushing some poker chips towards camera,poker chips and playing cards on the poker table,0.9029600620269775,0.7149389386177063,0.8089495897293091,0.9029600620269775,image|joint|text,high,not-duplicate,wzy,,,0,duplicate|near-duplicate|not-duplicate,duplicate: same image and same caption meaning; near-duplicate: visually/semantically same with small edits; not-duplicate: meaningfully different pair.,not-duplicate,not_audited,0,1,1,1,0,0,0,0,1,,fp,0,0.094010,-0.188021
cand_289219,cc3m_81920,cc3m_96830,D:\data\cc3m_subset_200k\cc3m_81920.jpg,D:\data\cc3m_subset_200k\cc3m_96830.jpg,swallow in flight against a clear blue sky,bird flying over the sky,0.8990217447280884,0.7420491576194763,0.82053542137146,0.8990217447280884,image|joint|text,high,not-duplicate,wzy,,,0,duplicate|near-duplicate|not-duplicate,duplicate: same image and same caption meaning; near-duplicate: visually/semantically same with small edits; not-duplicate: meaningfully different pair.,not-duplicate,not_audited,0,1,1,1,0,0,0,0,1,,fp,0,0.078486,-0.156973
cand_314153,cc3m_18328,cc3m_116810,D:\data\cc3m_subset_200k\cc3m_18328.jpg,D:\data\cc3m_subset_200k\cc3m_116810.jpg,autumn leaves blowing with the wind and winter sun 's light rays,"wind in the autumn forest , falling maple yellow leaves",0.8932367563247681,0.771208643913269,0.8322227001190186,0.8932367563247681,image|joint,high,not-duplicate,wzy,,,0,duplicate|near-duplicate|not-duplicate,duplicate: same image and same caption meaning; near-duplicate: visually/semantically same with small edits; not-duplicate: meaningfully different pair.,not-duplicate,not_audited,0,1,1,1,0,0,0,0,1,,fp,0,0.061014,-0.122028
cand_347172,cc3m_29140,cc3m_69581,D:\data\cc3m_subset_200k\cc3m_29140.jpg,D:\data\cc3m_subset_200k\cc3m_69581.jpg,fire burns brighter in the darkness,fire lightly on the firewood,0.8861998319625854,0.7372691035270691,0.8117344379425049,0.8861998319625854,image|joint,high,not-duplicate,wzy,,,0,duplicate|near-duplicate|not-duplicate,duplicate: same image and same caption meaning; near-duplicate: visually/semantically same with small edits; not-duplicate: meaningfully different pair.,not-duplicate,not_audited,0,1,1,1,0,0,0,0,1,,fp,0,0.074465,-0.148931
cand_355729,cc3m_87718,cc3m_137272,D:\data\cc3m_subset_200k\cc3m_87718.jpg,D:\data\cc3m_subset_200k\cc3m_137272.jpg,seamless pattern with gift boxes in different colors on a black background,seamless vector pattern with hand drawn gift boxes .,0.8845109939575195,0.7624022960662842,0.8234566450119019,0.8845109939575195,image|joint|text,high,not-duplicate,wzy,not-duplicate,,1,duplicate|near-duplicate|not-duplicate,duplicate: same image and same caption meaning; near-duplicate: visually/semantically same with small edits; not-duplicate: meaningfully different pair.,not-duplicate,agreed,0,1,1,1,0,0,0,0,1,,fp,0,0.061054,-0.122109
cand_365174,cc3m_16733,cc3m_139567,D:\data\cc3m_subset_200k\cc3m_16733.jpg,D:\data\cc3m_subset_200k\cc3m_139567.jpg,"red squirrel on the side of a tree trunk , close up",red squirrel on a tree eats a nut,0.8025944232940674,0.8826813697814941,0.8426379561424255,0.8826813697814941,joint|text,high,not-duplicate,wzy,,,0,duplicate|near-duplicate|not-duplicate,duplicate: same image and same caption meaning; near-duplicate: visually/semantically same with small edits; not-duplicate: meaningfully different pair.,not-duplicate,not_audited,0,1,1,1,0,0,0,0,1,,fp,0,-0.040044,0.080087
cand_365686,cc3m_30567,cc3m_97269,D:\data\cc3m_subset_200k\cc3m_30567.jpg,D:\data\cc3m_subset_200k\cc3m_97269.jpg,"abstract geometric pattern with lines , squares .","geometric pattern with geometric shapes , rhombus .",0.8035560250282288,0.8825786113739014,0.8430672883987427,0.8825786113739014,joint|text,high,not-duplicate,wzy,,,0,duplicate|near-duplicate|not-duplicate,duplicate: same image and same caption meaning; near-duplicate: visually/semantically same with small edits; not-duplicate: meaningfully different pair.,not-duplicate,not_audited,0,1,1,1,0,0,0,0,1,,fp,0,-0.039511,0.079023
cand_371813,cc3m_156270,cc3m_206173,D:\data\cc3m_subset_200k\cc3m_156270.jpg,D:\data\cc3m_subset_200k\cc3m_206173.jpg,"shiny colorful firework in the blue sky , illustration .",balls of fireworks on a dark blue background .,0.8814009428024292,0.7345855236053467,0.8079931735992432,0.8814009428024292,image|joint,high,not-duplicate,wzy,,,0,duplicate|near-duplicate|not-duplicate,duplicate: same image and same caption meaning; near-duplicate: visually/semantically same with small edits; not-duplicate: meaningfully different pair.,not-duplicate,not_audited,0,1,1,1,0,0,0,0,1,,fp,0,0.073408,-0.146815
cand_376684,cc3m_84096,cc3m_99607,D:\data\cc3m_subset_200k\cc3m_84096.jpg,D:\data\cc3m_subset_200k\cc3m_99607.jpg,rockets flying in the sky .,rocket soaring into the blue sky through the clouds .,0.880511462688446,0.7241265773773193,0.8023189306259155,0.880511462688446,image|joint|text,high,not-duplicate,wzy,not-duplicate,,1,duplicate|near-duplicate|not-duplicate,duplicate: same image and same caption meaning; near-duplicate: visually/semantically same with small edits; not-duplicate: meaningfully different pair.,not-duplicate,agreed,0,1,1,1,0,0,0,0,1,,fp,0,0.078193,-0.156385
cand_393517,cc3m_108341,cc3m_137539,D:\data\cc3m_subset_200k\cc3m_108341.jpg,D:\data\cc3m_subset_200k\cc3m_137539.jpg,"a view from the back of a commercial airplane of the cabin with people boarding , sitting & using overhead bins",passengers sitting in seats in the main cabin of a jet aircraft,0.8774722814559937,0.7605631947517395,0.8190176486968994,0.8774722814559937,image|joint|text,high,not-duplicate,wzy,,,0,duplicate|near-duplicate|not-duplicate,duplicate: same image and same caption meaning; near-duplicate: visually/semantically same with small edits; not-duplicate: meaningfully different pair.,not-duplicate,not_audited,0,1,1,1,0,0,0,0,1,,fp,0,0.058455,-0.116909
cand_397043,cc3m_13250,cc3m_145036,D:\data\cc3m_subset_200k\cc3m_13250.jpg,D:\data\cc3m_subset_200k\cc3m_145036.jpg,how to decorate your christmas tree,christmas decoration hanging on the christmas tree,0.8768917918205261,0.8003464937210083,0.8386192321777344,0.8768917918205261,image|joint,high,not-duplicate,wzy,,,0,duplicate|near-duplicate|not-duplicate,duplicate: same image and same caption meaning; near-duplicate: visually/semantically same with small edits; not-duplicate: meaningfully different pair.,not-duplicate,not_audited,0,1,1,1,0,0,0,0,1,,fp,0,0.038273,-0.076545
cand_406571,cc3m_10168,cc3m_114516,D:\data\cc3m_subset_200k\cc3m_10168.jpg,D:\data\cc3m_subset_200k\cc3m_114516.jpg,cows or bulls in a field on a farm,cows look through a wire fence from their pasture .,0.8752555847167969,0.7275755405426025,0.8014155626296997,0.8752555847167969,image|joint,high,not-duplicate,wzy,,,0,duplicate|near-duplicate|not-duplicate,duplicate: same image and same caption meaning; near-duplicate: visually/semantically same with small edits; not-duplicate: meaningfully different pair.,not-duplicate,not_audited,0,1,1,1,0,0,0,0,1,,fp,0,0.073840,-0.147680
cand_407695,cc3m_22390,cc3m_174741,D:\data\cc3m_subset_200k\cc3m_22390.jpg,D:\data\cc3m_subset_200k\cc3m_174741.jpg,time lapse of traffic passing through the streets at night,time - lapse of a massive intersection at night,0.8007940053939819,0.875068187713623,0.837931215763092,0.875068187713623,image|joint|text,high,not-duplicate,wzy,,,0,duplicate|near-duplicate|not-duplicate,duplicate: same image and same caption meaning; near-duplicate: visually/semantically same with small edits; not-duplicate: meaningfully different pair.,not-duplicate,not_audited,0,1,1,1,0,0,0,0,1,,fp,0,-0.037137,0.074274
cand_410068,cc3m_66734,cc3m_206161,D:\data\cc3m_subset_200k\cc3m_66734.jpg,D:\data\cc3m_subset_200k\cc3m_206161.jpg,blues artist performs onstage during the festival,artist performs on stage at festival,0.8194402456283569,0.8746677041053772,0.8470539450645447,0.8746677041053772,image|joint,high,not-duplicate,wzy,,,0,duplicate|near-duplicate|not-duplicate,duplicate: same image and same caption meaning; near-duplicate: visually/semantically same with small edits; not-duplicate: meaningfully different pair.,not-duplicate,not_audited,0,1,1,1,0,0,0,0,1,,fp,0,-0.027614,0.055227
cand_411430,cc3m_155034,cc3m_180738,D:\data\cc3m_subset_200k\cc3m_155034.jpg,D:\data\cc3m_subset_200k\cc3m_180738.jpg,water flows through rocks in a river,throwing stone in the water filmed underwater,0.8744297027587891,0.7264370918273926,0.8004333972930908,0.8744297027587891,image|joint,high,not-duplicate,wzy,,,0,duplicate|near-duplicate|not-duplicate,duplicate: same image and same caption meaning; near-duplicate: visually/semantically same with small edits; not-duplicate: meaningfully different pair.,not-duplicate,not_audited,0,1,1,1,0,0,0,0,1,,fp,0,0.073996,-0.147993
cand_415022,cc3m_39277,cc3m_124952,D:\data\cc3m_subset_200k\cc3m_39277.jpg,D:\data\cc3m_subset_200k\cc3m_124952.jpg,profession cuts the hair of the client with clipper,profession shave the beard of the client with trimmer,0.809705376625061,0.8738358020782471,0.8417704701423645,0.8738358020782471,image|joint|text,high,not-duplicate,wzy,,,0,duplicate|near-duplicate|not-duplicate,duplicate: same image and same caption meaning; near-duplicate: visually/semantically same with small edits; not-duplicate: meaningfully different pair.,not-duplicate,not_audited,0,1,1,1,0,0,0,0,1,,fp,0,-0.032065,0.064130
cand_422016,cc3m_56279,cc3m_187186,D:\data\cc3m_subset_200k\cc3m_56279.jpg,D:\data\cc3m_subset_200k\cc3m_187186.jpg,vector illustration of a brain .,"brain in the head , black man or woman .",0.8727080225944519,0.7387458086013794,0.805726945400238,0.8727080225944519,image|joint,high,not-duplicate,wzy,not-duplicate,,1,duplicate|near-duplicate|not-duplicate,duplicate: same image and same caption meaning; near-duplicate: visually/semantically same with small edits; not-duplicate: meaningfully different pair.,not-duplicate,agreed,0,1,1,1,0,0,0,0,1,,fp,0,0.066981,-0.133962
cand_433695,cc3m_98602,cc3m_184973,D:\data\cc3m_subset_200k\cc3m_98602.jpg,D:\data\cc3m_subset_200k\cc3m_184973.jpg,an action shot of a female boxer training,beautiful woman in red boxing gloves in the ring,0.8708163499832153,0.7676710486412048,0.8192436695098877,0.8708163499832153,image|joint|text,high,not-duplicate,wzy,,,0,duplicate|near-duplicate|not-duplicate,duplicate: same image and same caption meaning; near-duplicate: visually/semantically same with small edits; not-duplicate: meaningfully different pair.,not-duplicate,not_audited,0,1,1,1,0,0,0,0,1,,fp,0,0.051573,-0.103145
cand_439713,cc3m_49242,cc3m_94088,D:\data\cc3m_subset_200k\cc3m_49242.jpg,D:\data\cc3m_subset_200k\cc3m_94088.jpg,seamless pattern with colored feathers on a white background .,seamless pattern with colored leaves on a white background,0.8073018789291382,0.8698717951774597,0.8385868668556213,0.8698717951774597,joint|text,high,not-duplicate,wzy,,,0,duplicate|near-duplicate|not-duplicate,duplicate: same image and same caption meaning; near-duplicate: visually/semantically same with small edits; not-duplicate: meaningfully different pair.,not-duplicate,not_audited,0,1,1,1,0,0,0,0,1,,fp,0,-0.031285,0.062570
cand_446143,cc3m_3257,cc3m_30010,D:\data\cc3m_subset_200k\cc3m_3257.jpg,D:\data\cc3m_subset_200k\cc3m_30010.jpg,drop of water for the background on glass car window to abstract design and nature backdrop,drops of water running down the dark glass as the background,0.8688527345657349,0.8137379884719849,0.8412953615188599,0.8688527345657349,image|joint|text,high,not-duplicate,wzy,,,0,duplicate|near-duplicate|not-duplicate,duplicate: same image and same caption meaning; near-duplicate: visually/semantically same with small edits; not-duplicate: meaningfully different pair.,not-duplicate,not_audited,0,1,1,1,0,0,0,0,1,,fp,0,0.027557,-0.055115
cand_449666,cc3m_93578,cc3m_166297,D:\data\cc3m_subset_200k\cc3m_93578.jpg,D:\data\cc3m_subset_200k\cc3m_166297.jpg,seamless patterned texture in the form of square tiles,vector seamless pattern of lines in the style of engraving,0.8682887554168701,0.7611278891563416,0.8147082328796387,0.8682887554168701,image|joint,high,not-duplicate,wzy,,,0,duplicate|near-duplicate|not-duplicate,duplicate: same image and same caption meaning; near-duplicate: visually/semantically same with small edits; not-duplicate: meaningfully different pair.,not-duplicate,not_audited,0,1,1,1,0,0,0,0,1,,fp,0,0.053581,-0.107161
cand_454369,cc3m_92365,cc3m_112322,D:\data\cc3m_subset_200k\cc3m_92365.jpg,D:\data\cc3m_subset_200k\cc3m_112322.jpg,seamless vector illustration with the image of a polygonal pattern .,seamless geometric pattern squares of fine lines .,0.8675478100776672,0.757835328578949,0.8126915693283081,0.8675478100776672,image,high,not-duplicate,wzy,,,0,duplicate|near-duplicate|not-duplicate,duplicate: same image and same caption meaning; near-duplicate: visually/semantically same with small edits; not-duplicate: meaningfully different pair.,not-duplicate,not_audited,0,1,1,1,0,0,0,0,1,,fp,0,0.054856,-0.109712
cand_456139,cc3m_65455,cc3m_94558,D:\data\cc3m_subset_200k\cc3m_65455.jpg,D:\data\cc3m_subset_200k\cc3m_94558.jpg,vector silhouette of women on a white background .,vector silhouette of a woman who is at the party .,0.8110233545303345,0.8672729730606079,0.8391481637954712,0.8672729730606079,joint,high,not-duplicate,wzy,,,0,duplicate|near-duplicate|not-duplicate,duplicate: same image and same caption meaning; near-duplicate: visually/semantically same with small edits; not-duplicate: meaningfully different pair.,not-duplicate,not_audited,0,1,1,1,0,0,0,0,1,,fp,0,-0.028125,0.056250
cand_457890,cc3m_17423,cc3m_50985,D:\data\cc3m_subset_200k\cc3m_17423.jpg,D:\data\cc3m_subset_200k\cc3m_50985.jpg,person pitches against sports team,baseball player pitches against sports team,0.8135075569152832,0.8670111298561096,0.8402594327926636,0.8670111298561096,image|joint,high,not-duplicate,wzy,,,0,duplicate|near-duplicate|not-duplicate,duplicate: same image and same caption meaning; near-duplicate: visually/semantically same with small edits; not-duplicate: meaningfully different pair.,not-duplicate,not_audited,0,1,1,1,0,0,0,0,1,,fp,0,-0.026752,0.053504
cand_463329,cc3m_23854,cc3m_35687,D:\data\cc3m_subset_200k\cc3m_23854.jpg,D:\data\cc3m_subset_200k\cc3m_35687.jpg,christmas angel with a trumpet flies over the city,christmas angel flies over houses and blows into the trumpet .,0.8078402876853943,0.8662086129188538,0.8370245099067688,0.8662086129188538,image|joint|text,high,not-duplicate,wzy,,,0,duplicate|near-duplicate|not-duplicate,duplicate: same image and same caption meaning; near-duplicate: visually/semantically same with small edits; not-duplicate: meaningfully different pair.,not-duplicate,not_audited,0,1,1,1,0,0,0,0,1,,fp,0,-0.029184,0.058368
cand_467443,cc3m_69167,cc3m_72067,D:\data\cc3m_subset_200k\cc3m_69167.jpg,D:\data\cc3m_subset_200k\cc3m_72067.jpg,a full moon behind clouds,the moon in the night sky,0.8655958771705627,0.7760780453681946,0.8208370208740234,0.8655958771705627,image|joint,high,not-duplicate,wzy,,,0,duplicate|near-duplicate|not-duplicate,duplicate: same image and same caption meaning; near-duplicate: visually/semantically same with small edits; not-duplicate: meaningfully different pair.,not-duplicate,not_audited,0,1,1,1,0,0,0,0,1,,fp,0,0.044759,-0.089518
cand_468210,cc3m_15276,cc3m_136637,D:\data\cc3m_subset_200k\cc3m_15276.jpg,D:\data\cc3m_subset_200k\cc3m_136637.jpg,person pushing some poker chips towards camera,close - up of man throwing a poker chips in slow motion .,0.8654775619506836,0.7528443932533264,0.8091608285903931,0.8654775619506836,image|joint|text,high,not-duplicate,wzy,,,0,duplicate|near-duplicate|not-duplicate,duplicate: same image and same caption meaning; near-duplicate: visually/semantically same with small edits; not-duplicate: meaningfully different pair.,not-duplicate,not_audited,0,1,1,1,0,0,0,0,1,,fp,0,0.056317,-0.112633
cand_470099,cc3m_11050,cc3m_171084,D:\data\cc3m_subset_200k\cc3m_11050.jpg,D:\data\cc3m_subset_200k\cc3m_171084.jpg,"valentines day background , red hearts in a line",red heart on the wooden background,0.8651904463768005,0.7552272081375122,0.810208797454834,0.8651904463768005,image|joint,high,not-duplicate,wzy,,,0,duplicate|near-duplicate|not-duplicate,duplicate: same image and same caption meaning; near-duplicate: visually/semantically same with small edits; not-duplicate: meaningfully different pair.,not-duplicate,not_audited,0,1,1,1,0,0,0,0,1,,fp,0,0.054982,-0.109963
cand_470634,cc3m_71734,cc3m_80972,D:\data\cc3m_subset_200k\cc3m_71734.jpg,D:\data\cc3m_subset_200k\cc3m_80972.jpg,vector a banner for holiday with red hearts on a red background,abstract background with hovering red hearts in the form of balloons .,0.8651156425476074,0.7431484460830688,0.8041319847106934,0.8651156425476074,joint,high,not-duplicate,wzy,,,0,duplicate|near-duplicate|not-duplicate,duplicate: same image and same caption meaning; near-duplicate: visually/semantically same with small edits; not-duplicate: meaningfully different pair.,not-duplicate,not_audited,0,1,1,1,0,0,0,0,1,,fp,0,0.060984,-0.121967
cand_471663,cc3m_74614,cc3m_123585,D:\data\cc3m_subset_200k\cc3m_74614.jpg,D:\data\cc3m_subset_200k\cc3m_123585.jpg,leopard in the wild on the island,a leopard resting in a tree on a bigger branch,0.8649695515632629,0.7406842708587646,0.802827000617981,0.8649695515632629,image,high,not-duplicate,wzy,not-duplicate,,1,duplicate|near-duplicate|not-duplicate,duplicate: same image and same caption meaning; near-duplicate: visually/semantically same with small edits; not-duplicate: meaningfully different pair.,not-duplicate,agreed,0,1,1,1,0,0,0,0,1,,fp,0,0.062143,-0.124285
cand_475186,cc3m_150908,cc3m_172932,D:\data\cc3m_subset_200k\cc3m_150908.jpg,D:\data\cc3m_subset_200k\cc3m_172932.jpg,tomatoes on a white background,quarter of a tomato and tomatoes,0.8644435405731201,0.777501106262207,0.8209723234176636,0.8644435405731201,image|joint|text,high,not-duplicate,wzy,,,0,duplicate|near-duplicate|not-duplicate,duplicate: same image and same caption meaning; near-duplicate: visually/semantically same with small edits; not-duplicate: meaningfully different pair.,not-duplicate,not_audited,0,1,1,1,0,0,0,0,1,,fp,0,0.043471,-0.086942
cand_478301,cc3m_30487,cc3m_100533,D:\data\cc3m_subset_200k\cc3m_30487.jpg,D:\data\cc3m_subset_200k\cc3m_100533.jpg,a seamless background pattern with vintage style watercolor pink and white roses,hand drawn watercolor seamless pattern with tender different flowers and leaves on the white background,0.8639898300170898,0.745631754398346,0.8048107028007507,0.8639898300170898,image|joint,high,not-duplicate,wzy,,,0,duplicate|near-duplicate|not-duplicate,duplicate: same image and same caption meaning; near-duplicate: visually/semantically same with small edits; not-duplicate: meaningfully different pair.,not-duplicate,not_audited,0,1,1,1,0,0,0,0,1,,fp,0,0.059179,-0.118358
cand_480787,cc3m_16929,cc3m_179345,D:\data\cc3m_subset_200k\cc3m_16929.jpg,D:\data\cc3m_subset_200k\cc3m_179345.jpg,olympic athlete competes during the fis alpine ski world cup men 's slalom,alpine skier in action during giant slalom,0.8636155128479004,0.8297690153121948,0.8466923236846924,0.8636155128479004,image|joint,high,not-duplicate,wzy,,,0,duplicate|near-duplicate|not-duplicate,duplicate: same image and same caption meaning; near-duplicate: visually/semantically same with small edits; not-duplicate: meaningfully different pair.,not-duplicate,not_audited,0,1,1,1,0,0,0,0,1,,fp,0,0.016923,-0.033846
